checkpoint,games,agent_wins,ceia_wins,draws,win_rate,mean_reward_margin
checkpoint_000700,20,10,10,0,0.5,-0.028619980812072753
checkpoint_000870,20,7,13,0,0.35,-1.2066399991512298
checkpoint_000400,20,3,17,0,0.15,-2.6236400097608565
checkpoint_000500,20,3,17,0,0.15,-2.7066999971866608
checkpoint_000600,20,3,17,0,0.15,-2.6771200060844422
checkpoint_000800,20,3,17,0,0.15,-2.735959988832474
checkpoint_000300,20,2,18,0,0.1,-3.110180014371872
checkpoint_000100,20,1,19,0,0.05,-3.4771199941635134
checkpoint_000200,20,0,20,0,0.0,-3.8392400085926055
